ID,X,Y,Count
2589581,28,3,1
3117735,40.4165,-3.70256,1
1275004,22.56263,88.36304,1
1273294,28.65195,77.23149,4
1269750,22,79,4
1259224,30,74,1
